date,AEMD,EXV6,H4ZS,KLMH,LYPG,UEQD
2019-06-03 00:00:00,44.4493,43.715,28.03,51.498,248.6,13.7745
2019-06-04 00:00:00,44.1868,43.715,28.375,51.568,249.7,14.0505
2019-06-05 00:00:00,44.0649,44.125,28.52,51.768,252.9,14.2045
2019-06-06 00:00:00,43.7965,44.12,27.84,51.792,254.15,14.2585
2019-06-07 00:00:00,44.1527,44.095,28.305,51.968,259.7,14.412
2019-06-11 00:00:00,45.0797,44.095,29.42,51.842,262.55,14.4945
2019-06-12 00:00:00,44.7333,45.08,29.29,52.022,260.8,14.4725
2019-06-13 00:00:00,44.8358,45.08,29.26,51.938,263.05,14.5345
2019-06-14 00:00:00,44.6016,46.215,29.25,51.992,261.75,14.5005
2019-06-17 00:00:00,44.7772,46.145,29.23,52.082,262.0,14.559
2019-06-18 00:00:00,45.8263,46.02,29.24,52.452,267.25,14.667
2019-06-19 00:00:00,45.797,46.86,29.225,52.292,266.75,14.6545
2019-06-20 00:00:00,46.4362,46.535,29.71,52.618,269.45,14.808
2019-06-21 00:00:00,45.9434,46.535,29.155,52.302,269.45,14.8405
2019-06-24 00:00:00,45.8116,46.535,29.08,52.378,266.95,14.8145
2019-06-25 00:00:00,45.475,46.535,29.185,52.522,264.65,14.7285
2019-06-26 00:00:00,45.8067,46.675,29.19,52.378,265.4,14.6605
2019-06-27 00:00:00,46.0605,46.97,28.81,52.55,265.25,14.7145
2019-06-28 00:00:00,46.0263,46.97,28.66,52.532,265.6,14.7525
2019-07-01 00:00:00,46.8509,47.375,29.24,52.672,272.1,14.842
2019-07-02 00:00:00,46.685,48.01,29.245,52.768,272.3,14.8785
2019-07-03 00:00:00,46.7826,48.38,29.275,52.872,274.5,15.051
2019-07-04 00:00:00,46.9826,48.38,29.465,53.012,275.7,15.059
2019-07-05 00:00:00,46.7738,47.685,29.49,52.822,274.6,15.0105
2019-07-08 00:00:00,46.3727,46.58,29.835,52.952,273.9,14.9315
2019-07-09 00:00:00,46.3142,46.855,29.095,52.802,274.05,14.9495
2019-07-10 00:00:00,46.6801,46.205,28.81,52.642,275.6,15.0525
2019-07-11 00:00:00,46.2995,46.205,28.85,52.538,277.05,15.016
2019-07-12 00:00:00,46.4566,46.205,29.01,52.546,277.6,15.0925
2019-07-15 00:00:00,46.6704,44.74,29.275,52.626,278.7,15.118
2019-07-16 00:00:00,46.9046,45.12,29.14,52.656,279.35,15.088
2019-07-17 00:00:00,46.7338,45.23,29.15,52.804,277.95,15.043
2019-07-18 00:00:00,46.6313,45.23,28.58,52.866,276.2,14.9565
2019-07-19 00:00:00,46.8265,44.765,28.47,52.846,279.75,15.044
2019-07-22 00:00:00,46.7191,45.605,28.075,52.876,279.9,14.9725
2019-07-23 00:00:00,46.9729,45.605,27.905,52.856,282.45,15.0485
2019-07-24 00:00:00,47.0607,46.12,28.185,52.964,284.6,15.1045
2019-07-25 00:00:00,46.5786,45.79,27.935,53.172,284.15,15.012
2019-07-26 00:00:00,46.7026,44.715,27.785,53.238,286.3,15.085
2019-07-29 00:00:00,46.4342,44.91,27.935,53.322,285.15,15.0785
2019-07-30 00:00:00,46.0243,44.83,27.955,53.352,283.45,15.036
2019-07-31 00:00:00,46.0322,44.28,28.035,53.484,285.0,15.0475
2019-08-01 00:00:00,45.4291,42.71,27.54,53.724,287.2,14.8175
2019-08-02 00:00:00,44.2854,44.19,26.82,53.756,273.75,14.5605
2019-08-05 00:00:00,42.2147,40.9,25.825,53.81,263.6,14.2165
2019-08-06 00:00:00,42.9368,39.725,26.03,53.892,262.6,14.367
2019-08-07 00:00:00,43.092,39.175,26.56,53.874,263.8,14.4105
2019-08-08 00:00:00,43.737,38.825,26.905,53.85,271.25,14.6685
2019-08-09 00:00:00,43.4511,39.98,26.965,53.78,268.05,14.6405
2019-08-12 00:00:00,42.7553,38.72,26.215,53.748,267.05,14.459
2019-08-13 00:00:00,43.4374,39.63,26.355,53.944,271.2,14.6575
2019-08-14 00:00:00,42.4947,38.465,25.62,54.12,267.05,14.307
2019-08-15 00:00:00,42.6245,38.16,25.325,54.296,265.9,14.1805
2019-08-16 00:00:00,43.4091,38.415,26.1,54.298,270.5,14.443
2019-08-19 00:00:00,43.5594,39.22,26.04,54.174,274.8,14.643
2019-08-20 00:00:00,43.7263,38.675,26.26,54.308,274.9,14.5515
2019-08-21 00:00:00,44.0619,38.84,26.495,54.298,277.15,14.6235
2019-08-22 00:00:00,43.5887,38.86,26.5,54.144,275.45,14.627
2019-08-23 00:00:00,42.7143,38.23,26.125,54.204,269.1,14.327
2019-08-26 00:00:00,43.0276,38.345,26.17,54.076,269.65,14.3515
2019-08-27 00:00:00,43.2335,38.625,26.575,54.33,270.75,14.3545
2019-08-28 00:00:00,43.3623,38.855,26.895,54.484,270.05,14.415
2019-08-29 00:00:00,43.8658,39.645,27.46,54.452,275.25,14.622
2019-08-30 00:00:00,44.625,40.64,28.21,54.406,276.25,14.5925
2019-09-02 00:00:00,44.2864,40.315,27.825,54.278,276.85,14.4675
2019-09-03 00:00:00,44.2317,40.11,27.645,54.328,274.95,14.4595
2019-09-04 00:00:00,44.7275,41.28,28.195,54.228,276.7,14.631
2019-09-05 00:00:00,45.3149,42.01,28.515,53.856,282.8,14.85
2019-09-06 00:00:00,45.4574,42.375,28.825,54.082,283.3,14.8955
2019-09-09 00:00:00,45.4428,42.47,28.66,53.828,282.0,14.8485
2019-09-10 00:00:00,45.4047,43.245,28.75,53.698,277.3,14.8235
2019-09-11 00:00:00,45.8907,43.65,28.755,53.686,282.55,14.947
2019-09-12 00:00:00,46.0253,43.83,28.785,53.748,284.0,15.064
2019-09-13 00:00:00,46.2517,45.04,28.96,53.396,282.0,15.0185
2019-09-16 00:00:00,46.1014,44.775,29.175,53.59,282.05,14.9525
2019-09-17 00:00:00,45.8448,43.845,29.4,53.49,281.35,14.9635
2019-09-18 00:00:00,45.8985,43.81,29.29,53.64,281.6,14.952
2019-09-19 00:00:00,45.7609,43.74,29.19,53.606,284.8,15.032
2019-09-20 00:00:00,45.6545,43.43,29.48,53.66,283.85,14.928
2019-09-23 00:00:00,46.0009,43.02,29.54,53.942,282.0,14.951
2019-09-24 00:00:00,45.2515,41.965,29.155,54.134,282.15,14.745
2019-09-25 00:00:00,45.6106,42.32,29.205,53.92,279.9,14.8575
2019-09-26 00:00:00,45.7404,42.255,29.12,53.952,282.8,14.849
2019-09-27 00:00:00,45.0173,42.63,28.93,53.932,283.4,14.756
2019-09-30 00:00:00,45.7638,42.735,29.275,53.822,283.7,14.8885
2019-10-01 00:00:00,45.1724,42.02,28.865,53.86,283.15,14.688
2019-10-02 00:00:00,44.4825,40.6,28.31,53.726,274.0,14.3675
2019-10-04 00:00:00,45.1881,40.61,29.37,54.062,281.15,14.6675
2019-10-07 00:00:00,45.0954,40.985,29.28,53.958,282.4,14.7615
2019-10-08 00:00:00,44.8738,40.665,29.07,54.058,277.55,14.554
2019-10-09 00:00:00,45.0924,40.625,28.865,53.968,279.45,14.5725
2019-10-10 00:00:00,45.2612,41.785,29.265,53.726,282.05,14.664
2019-10-11 00:00:00,45.9414,43.6,29.67,53.552,286.65,14.8975
2019-10-14 00:00:00,45.8458,42.58,29.72,53.646,285.4,14.799
2019-10-15 00:00:00,46.0712,42.265,29.795,53.478,287.75,14.9505
2019-10-16 00:00:00,46.0107,41.84,29.905,53.5,285.2,14.896
2019-10-17 00:00:00,46.1463,41.48,29.77,53.534,282.7,14.9545
2019-10-18 00:00:00,45.7882,41.685,29.66,53.482,280.55,14.9065
2019-10-21 00:00:00,45.9326,42.345,29.705,53.346,282.7,14.956
2019-10-22 00:00:00,46.3239,42.43,29.83,53.432,282.15,14.992
2019-10-23 00:00:00,46.2751,42.82,29.835,53.516,279.8,14.9365
2019-10-24 00:00:00,46.4908,42.8,30.01,53.552,284.05,
2019-10-25 00:00:00,46.7592,43.29,30.025,53.468,287.7,15.05
2019-10-28 00:00:00,47.0939,44.07,30.095,53.288,290.25,15.13
2019-10-29 00:00:00,46.7299,43.95,30.01,53.348,289.5,15.118
2019-10-30 00:00:00,46.6147,43.315,29.82,53.362,288.9,15.1175
2019-10-31 00:00:00,46.239,42.66,29.395,53.548,287.7,15.052
2019-11-01 00:00:00,46.9846,43.97,29.865,53.4,290.2,15.2305
2019-11-04 00:00:00,47.6198,45.405,29.915,53.436,294.45,15.321
2019-11-05 00:00:00,48.0941,46.15,29.33,53.368,295.45,15.299
2019-11-06 00:00:00,47.9077,45.685,29.495,53.41,295.0,15.2765
2019-11-07 00:00:00,48.541,46.155,30.04,53.176,299.75,15.374
2019-11-08 00:00:00,48.1273,45.525,29.77,53.18,298.3,15.3405
2019-11-11 00:00:00,47.7194,44.83,29.64,53.018,299.25,15.3515
2019-11-12 00:00:00,47.5662,44.975,29.425,52.992,302.25,15.399
2019-11-13 00:00:00,47.3573,44.5,29.08,53.172,302.85,15.3925
2019-11-14 00:00:00,47.0792,44.31,29.02,53.326,300.95,15.3745
2019-11-15 00:00:00,47.735,44.745,29.515,53.292,303.05,15.477
2019-11-18 00:00:00,47.2695,44.575,29.415,53.32,302.65,15.516
2019-11-19 00:00:00,47.3564,44.745,29.415,53.286,304.55,15.507
2019-11-20 00:00:00,47.0236,44.37,29.915,53.28,303.75,15.3875
2019-11-21 00:00:00,47.0665,43.98,29.3,53.186,300.85,15.439
2019-11-22 00:00:00,47.25,44.81,29.58,53.272,301.7,15.4365
2019-11-25 00:00:00,47.848,45.285,30.0,52.998,306.05,15.5435
2019-11-26 00:00:00,47.391,45.285,29.195,53.058,307.7,15.58
2019-11-27 00:00:00,47.765,45.335,29.35,53.05,308.75,15.647
2019-11-28 00:00:00,47.596,45.425,29.295,53.022,309.25,15.646
2019-11-29 00:00:00,46.869,44.835,29.055,53.068,308.0,15.6135
2019-12-02 00:00:00,46.634,44.675,28.905,52.782,300.15,15.486
2019-12-03 00:00:00,46.523,44.0,28.715,53.094,297.55,15.338
2019-12-04 00:00:00,47.001,44.685,28.83,53.0,301.25,15.4635
2019-12-05 00:00:00,47.139,43.885,28.98,52.902,301.0,15.463
2019-12-06 00:00:00,47.615,44.825,28.965,52.844,305.9,15.6375
2019-12-09 00:00:00,47.506,44.955,29.035,52.904,305.05,15.5995
2019-12-10 00:00:00,47.427,44.73,29.26,52.854,304.4,15.5705
2019-12-11 00:00:00,47.849,45.135,29.605,52.946,304.0,15.564
2019-12-12 00:00:00,48.478,45.65,29.835,52.792,305.55,15.6785
2019-12-13 00:00:00,48.789,46.205,30.6,53.02,308.05,15.7315
2019-12-16 00:00:00,49.105,47.01,30.77,52.854,312.8,15.8705
2019-12-17 00:00:00,49.384,46.42,30.555,52.914,310.35,15.861
2019-12-18 00:00:00,49.858,46.33,31.155,52.83,311.75,15.868
2019-12-19 00:00:00,49.89,46.32,31.05,52.862,312.15,15.911
2019-12-20 00:00:00,50.25,46.63,31.105,52.894,316.4,16.0
2019-12-23 00:00:00,50.118,46.34,31.01,52.732,316.8,16.009
2019-12-27 00:00:00,50.134,46.63,30.725,52.8,316.3,16.0785
2019-12-30 00:00:00,50.398,46.525,30.92,53.0,315.55,16.122
2020-01-02 00:00:00,50.922,46.965,30.8,52.816,318.65,16.077
2020-01-03 00:00:00,50.344,46.41,30.8,52.916,319.0,16.076
2020-01-06 00:00:00,49.932,45.98,30.955,52.872,317.2,16.0605
2020-01-07 00:00:00,50.11,46.135,30.755,52.782,320.85,16.057
2020-01-08 00:00:00,50.73,46.535,31.185,52.866,322.25,16.15
2020-01-09 00:00:00,50.846,46.015,31.055,52.794,327.45,16.2175
2020-01-10 00:00:00,51.326,46.155,31.36,52.754,327.35,16.2465
2020-01-13 00:00:00,51.704,46.33,31.33,52.658,327.75,16.267
2020-01-14 00:00:00,51.434,46.2,31.135,52.652,329.55,16.291
2020-01-15 00:00:00,51.038,45.34,31.13,52.768,328.9,16.3015
2020-01-16 00:00:00,51.3,45.82,31.205,52.832,330.4,16.408
2020-01-17 00:00:00,51.836,46.68,31.825,52.886,334.15,16.4695
2020-01-20 00:00:00,51.7,46.765,32.13,52.902,335.95,16.486
2020-01-21 00:00:00,50.758,46.11,31.885,53.084,336.85,16.4665
2020-01-22 00:00:00,51.114,46.265,32.235,53.078,338.3,16.517
2020-01-23 00:00:00,50.586,45.075,31.565,53.224,338.1,16.4415
2020-01-24 00:00:00,50.304,45.005,31.535,53.392,342.1,16.313
2020-01-27 00:00:00,49.015,43.32,30.635,53.484,331.35,16.113
2020-01-28 00:00:00,49.216,43.62,31.325,53.374,336.45,16.244
2020-01-29 00:00:00,49.578,43.84,31.875,53.508,338.35,16.303
2020-01-30 00:00:00,48.2,43.45,31.26,53.632,335.15,16.095
2020-01-31 00:00:00,47.287,42.575,30.685,53.74,330.3,15.9955
2020-02-03 00:00:00,48.035,42.54,31.265,53.904,333.55,16.107
2020-02-04 00:00:00,49.42,43.875,31.865,53.93,342.5,16.37
2020-02-05 00:00:00,49.8,44.815,31.865,53.93,344.55,16.4725
2020-02-06 00:00:00,50.23,44.96,31.865,53.93,347.8,16.647
2020-02-07 00:00:00,49.742,43.98,31.555,53.93,348.6,16.647
2020-02-10 00:00:00,49.765,43.805,31.555,53.93,350.0,16.647
2020-02-11 00:00:00,50.72,44.56,32.11,53.956,353.8,16.77
2020-02-12 00:00:00,51.246,45.72,32.66,53.956,355.7,16.802
2020-02-13 00:00:00,51.06,45.49,32.625,53.956,357.9,16.831
2020-02-14 00:00:00,50.99,45.015,32.435,53.85,357.95,16.8325
2020-02-17 00:00:00,51.382,45.21,32.7,53.88,359.6,16.8855
2020-02-18 00:00:00,50.81,44.595,32.505,54.08,355.95,16.785
2020-02-19 00:00:00,51.094,44.88,32.435,54.0,361.75,16.8915
2020-02-20 00:00:00,50.31,44.755,31.935,54.09,355.25,16.727
2020-02-21 00:00:00,50.25,44.445,31.7,54.304,350.35,16.732
2020-02-24 00:00:00,47.91,42.01,30.505,54.16,334.9,16.073
2020-02-25 00:00:00,48.108,41.855,30.515,54.426,328.8,15.995
2020-02-26 00:00:00,48.043,41.2,29.935,54.236,329.2,15.7255
2020-02-27 00:00:00,46.728,39.44,28.44,54.16,312.35,15.1375
2020-02-28 00:00:00,44.856,37.43,27.175,53.638,300.9,14.375
2020-03-02 00:00:00,45.681,37.68,28.095,54.488,309.35,14.977
2020-03-03 00:00:00,46.159,39.145,29.105,54.488,312.4,15.045
2020-03-04 00:00:00,46.666,39.145,29.15,54.666,314.05,15.155
2020-03-05 00:00:00,45.993,38.615,28.32,54.666,313.65,15.155
2020-03-06 00:00:00,44.419,36.52,26.635,54.812,297.45,14.6175
2020-03-09 00:00:00,41.232,32.425,24.23,54.812,279.7,14.162
2020-03-10 00:00:00,42.173,32.88,24.1,54.812,280.9,13.9315
2020-03-11 00:00:00,42.084,33.04,24.1,54.812,283.75,13.9315
2020-03-12 00:00:00,37.24,27.99,22.095,54.812,264.45,13.164
2020-03-13 00:00:00,39.413,30.545,22.67,52.254,262.25,12.5395
2020-03-16 00:00:00,36.15,27.97,20.15,51.022,261.8,12.035
2020-03-17 00:00:00,36.407,29.77,20.95,50.804,261.45,12.346
2020-03-18 00:00:00,35.208,27.535,19.566,49.782,252.7,11.657
2020-03-19 00:00:00,36.567,27.935,19.716,48.814,260.45,11.744
2020-03-20 00:00:00,36.472,27.285,19.182,48.561,262.45,11.417
2020-03-23 00:00:00,35.931,26.605,18.346,49.0,246.6,11.075
2020-03-24 00:00:00,38.175,29.98,18.9,50.602,274.3,11.78
2020-03-25 00:00:00,39.046,32.19,19.106,50.602,279.7,12.4295
2020-03-26 00:00:00,39.213,32.02,21.025,50.528,280.5,12.838
2020-03-27 00:00:00,37.456,30.97,19.47,51.612,272.75,12.5835
2020-03-30 00:00:00,37.524,31.2,18.682,52.14,281.25,12.762
2020-03-31 00:00:00,38.415,32.13,19.852,51.62,285.8,12.7295
2020-04-01 00:00:00,37.418,32.01,18.644,51.48,272.85,12.264
2020-04-02 00:00:00,38.075,32.01,18.738,51.396,271.7,12.331
2020-04-03 00:00:00,38.706,32.07,18.458,51.5,271.25,12.519
2020-04-06 00:00:00,40.096,33.17,18.932,50.788,285.45,12.8795
2020-04-07 00:00:00,40.792,34.385,19.624,51.596,296.1,13.624
2020-04-08 00:00:00,40.232,33.975,19.392,50.072,296.45,13.247
2020-04-09 00:00:00,40.893,35.01,19.942,52.374,297.0,13.9535
2020-04-14 00:00:00,40.98,35.13,19.87,52.656,306.4,13.838
2020-04-15 00:00:00,40.155,33.42,19.152,51.446,302.35,13.614
2020-04-16 00:00:00,40.725,33.475,18.552,52.74,308.05,13.939
2020-04-17 00:00:00,42.191,35.36,19.702,52.7,308.85,14.297
2020-04-20 00:00:00,41.698,34.86,19.19,52.266,311.3,14.207
2020-04-21 00:00:00,40.045,32.675,18.678,52.182,295.6,13.628
2020-04-22 00:00:00,41.163,33.77,18.698,52.252,303.75,13.8835
2020-04-23 00:00:00,41.706,34.905,18.724,52.498,310.1,14.1185
2020-04-24 00:00:00,41.248,34.6,18.794,52.56,307.85,13.967
2020-04-27 00:00:00,41.661,34.62,18.922,52.442,314.9,14.238
2020-04-28 00:00:00,41.846,35.24,19.388,52.8,312.55,14.276
2020-04-29 00:00:00,42.769,37.03,20.8,52.716,320.3,14.6455
2020-04-30 00:00:00,42.584,35.73,20.48,53.03,317.6,14.482
2020-05-04 00:00:00,40.564,34.095,19.864,53.05,310.9,13.985
2020-05-05 00:00:00,41.459,34.46,20.76,53.008,321.45,14.322
2020-05-06 00:00:00,41.675,35.085,20.75,52.89,324.25,14.3515
2020-05-07 00:00:00,41.843,35.255,21.025,52.67,330.0,14.325
2020-05-08 00:00:00,42.341,35.98,21.375,52.77,330.25,14.499
2020-05-11 00:00:00,42.515,35.085,21.49,52.658,334.4,14.573
2020-05-12 00:00:00,42.419,34.985,21.4,52.99,333.75,14.536
2020-05-13 00:00:00,42.352,34.195,20.835,52.96,325.4,14.286
2020-05-14 00:00:00,41.885,33.92,20.335,52.902,322.25,13.996
2020-05-15 00:00:00,41.586,34.84,20.535,52.99,322.65,14.141
2020-05-18 00:00:00,42.665,37.48,21.025,52.896,334.8,14.662
2020-05-19 00:00:00,42.721,37.57,20.6,52.98,335.75,14.686
2020-05-20 00:00:00,42.535,37.84,20.68,52.902,337.75,14.824
2020-05-21 00:00:00,42.471,37.78,21.09,53.17,334.35,14.777
2020-05-22 00:00:00,41.722,37.325,21.055,53.12,335.3,14.6525
2020-05-25 00:00:00,42.459,37.845,21.385,53.116,342.65,14.853
2020-05-26 00:00:00,42.695,37.885,21.7,53.168,337.65,14.988
2020-05-27 00:00:00,42.152,38.33,21.925,53.13,330.6,14.899
2020-05-28 00:00:00,42.217,38.625,21.9,53.33,337.1,15.1375
2020-05-29 00:00:00,41.718,38.39,21.31,53.38,332.3,14.986
2020-06-02 00:00:00,43.565,39.86,22.915,53.416,335.0,15.2585
2020-06-03 00:00:00,44.639,40.325,23.015,53.3,339.6,15.4555
2020-06-04 00:00:00,43.794,40.29,22.51,53.37,336.35,15.41
2020-06-05 00:00:00,45.072,41.44,23.485,53.37,342.9,15.816
2020-06-08 00:00:00,45.023,42.005,23.805,53.518,342.2,15.926
2020-06-09 00:00:00,44.679,40.785,23.62,53.58,344.3,15.918
2020-06-10 00:00:00,44.865,41.075,22.795,53.51,347.6,15.841
2020-06-11 00:00:00,43.249,39.705,21.305,53.296,339.0,15.2455
2020-06-12 00:00:00,43.7,40.49,21.795,53.6,338.0,14.88
2020-06-15 00:00:00,43.533,40.49,21.675,53.76,335.15,14.917
2020-06-16 00:00:00,44.355,40.49,22.315,53.778,347.4,15.558
2020-06-17 00:00:00,44.655,40.64,22.25,53.598,351.0,15.5725
2020-06-18 00:00:00,44.729,39.8,21.975,53.91,350.5,15.482
2020-06-19 00:00:00,45.261,40.0,22.06,53.926,354.75,15.579
2020-06-22 00:00:00,45.045,39.67,22.235,53.994,351.75,15.487
2020-06-23 00:00:00,45.385,40.745,22.285,53.834,356.9,15.6545
2020-06-24 00:00:00,44.894,39.905,21.955,53.946,349.3,15.3545
2020-06-25 00:00:00,44.867,39.5,21.735,54.09,349.6,15.097
2020-06-26 00:00:00,44.907,39.86,21.55,54.084,350.1,15.229
2020-06-29 00:00:00,44.671,39.86,21.27,53.99,348.75,15.136
2020-06-30 00:00:00,44.392,39.86,21.31,54.0,353.85,15.23
2020-07-01 00:00:00,45.096,39.86,21.685,53.978,357.05,15.5245
2020-07-02 00:00:00,46.024,40.39,22.085,54.04,360.45,15.672
2020-07-03 00:00:00,46.504,39.685,22.095,54.092,359.9,15.5345
2020-07-06 00:00:00,47.666,40.34,22.115,54.096,367.4,15.7655
2020-07-07 00:00:00,47.257,40.67,21.735,54.094,367.0,15.735
2020-07-08 00:00:00,47.85,40.705,21.185,53.978,362.95,15.64
2020-07-09 00:00:00,48.355,41.11,21.255,54.286,364.4,15.654
2020-07-10 00:00:00,47.891,40.93,20.925,54.35,366.55,15.7725
2020-07-13 00:00:00,48.235,41.78,20.95,54.196,371.6,16.032
2020-07-14 00:00:00,47.36,41.425,20.45,54.202,357.25,15.727
2020-07-15 00:00:00,47.499,41.445,21.04,54.096,362.0,15.956
2020-07-16 00:00:00,46.781,41.0,20.9,54.134,355.85,15.928
2020-07-17 00:00:00,46.845,41.48,20.735,54.334,359.1,15.994
2020-07-20 00:00:00,47.421,41.87,20.67,54.306,365.1,16.117
2020-07-21 00:00:00,47.851,41.56,21.13,54.536,366.15,16.211
2020-07-22 00:00:00,,40.97,,,363.1,
2020-07-23 00:00:00,,41.35,,,362.55,
2020-07-24 00:00:00,46.564,40.945,21.01,54.45,350.85,15.9315
2020-07-27 00:00:00,46.486,41.28,,54.6,347.95,16.004
2020-07-28 00:00:00,46.801,40.96,21.485,54.582,351.2,16.063
2020-07-29 00:00:00,47.186,41.4,21.795,54.796,351.2,16.004
2020-07-30 00:00:00,,40.495,,,350.0,16.0635
2020-07-31 00:00:00,46.188,39.995,20.64,54.816,354.35,
2020-08-03 00:00:00,46.745,40.045,20.735,54.822,368.75,16.214
2020-08-04 00:00:00,47.077,40.875,20.705,,367.7,
2020-08-05 00:00:00,47.321,42.3,20.965,54.87,367.1,16.463
2020-08-06 00:00:00,47.225,41.94,21.06,54.936,368.5,16.437
2020-08-07 00:00:00,46.718,41.155,21.09,54.89,371.5,16.518
2020-08-10 00:00:00,47.031,41.575,21.265,54.97,366.7,16.62
2020-08-11 00:00:00,47.291,42.215,21.63,54.83,367.55,16.727
2020-08-12 00:00:00,47.458,42.52,21.665,54.794,368.75,16.748
2020-08-13 00:00:00,47.124,42.04,21.415,54.622,370.5,16.704
2020-08-14 00:00:00,46.99,41.53,22.02,54.476,367.95,
2020-08-17 00:00:00,47.164,42.015,21.955,54.524,369.6,16.756
2020-08-18 00:00:00,47.061,42.05,21.72,54.606,368.9,16.792
2020-08-19 00:00:00,,42.23,,,371.85,16.8395
2020-08-20 00:00:00,46.526,41.185,21.65,54.71,372.95,16.7305
2020-08-21 00:00:00,47.16,40.985,21.665,54.826,379.5,16.7965
2020-08-24 00:00:00,47.696,41.77,21.62,54.89,382.25,16.9465
2020-08-25 00:00:00,47.762,41.77,21.54,54.724,383.2,17.038
2020-08-26 00:00:00,48.176,41.905,21.43,54.606,391.3,17.1975
2020-08-27 00:00:00,48.166,41.905,21.46,54.652,395.05,17.244
2020-08-28 00:00:00,48.078,41.805,21.455,54.37,392.1,17.3245
2020-08-31 00:00:00,46.838,41.805,20.94,54.368,391.15,17.332
2020-09-01 00:00:00,47.706,42.16,21.145,54.48,397.65,17.392
2020-09-02 00:00:00,47.848,42.67,21.105,54.606,403.35,17.666
2020-09-03 00:00:00,47.079,41.28,20.8,54.702,387.1,17.06
2020-09-04 00:00:00,47.013,41.66,20.7,54.45,371.45,16.874
2020-09-07 00:00:00,47.19,41.66,21.045,54.444,377.5,16.9885
2020-09-08 00:00:00,46.815,41.98,20.53,54.512,370.15,16.714
2020-09-09 00:00:00,46.934,42.155,20.715,54.566,374.95,16.642
2020-09-10 00:00:00,46.684,41.935,20.995,54.36,374.3,16.7545
2020-09-11 00:00:00,46.738,42.305,21.04,54.476,366.6,16.559
2020-09-14 00:00:00,47.315,42.305,21.74,54.6,371.15,16.797
2020-09-15 00:00:00,47.948,42.305,21.71,54.61,376.7,16.918
2020-09-16 00:00:00,48.0,44.1,21.73,54.61,375.35,16.892
2020-09-17 00:00:00,47.639,43.705,21.48,54.556,368.05,16.634
2020-09-18 00:00:00,47.794,43.88,21.43,54.738,363.0,16.704
2020-09-21 00:00:00,47.0,43.88,20.685,54.646,359.5,16.04
2020-09-22 00:00:00,46.95,43.88,20.68,54.676,368.65,16.334
2020-09-23 00:00:00,46.757,43.88,20.255,54.716,372.65,16.255
2020-09-24 00:00:00,46.491,40.895,20.65,54.58,369.7,16.164
2020-09-25 00:00:00,46.218,40.83,20.49,54.66,372.6,16.229
2020-09-28 00:00:00,46.82,41.715,20.71,54.734,380.7,16.613
2020-09-29 00:00:00,46.667,41.335,20.69,54.75,379.95,16.537
2020-09-30 00:00:00,47.38,41.22,21.375,54.686,383.2,16.766
2020-10-01 00:00:00,47.653,41.05,20.935,54.72,386.15,16.788
2020-10-02 00:00:00,47.48,40.795,21.16,54.724,380.9,16.6695
2020-10-05 00:00:00,47.425,40.795,21.33,54.73,381.35,16.792
2020-10-06 00:00:00,47.93,40.795,21.35,54.816,382.45,16.897
2020-10-07 00:00:00,48.33,40.795,21.675,54.666,384.45,16.9215
2020-10-08 00:00:00,48.509,41.93,21.87,54.876,387.45,17.0375
2020-10-09 00:00:00,48.846,42.365,22.645,55.014,390.25,17.182
2020-10-12 00:00:00,49.256,42.365,22.44,54.99,399.55,17.525
2020-10-13 00:00:00,49.282,42.365,22.3,55.14,405.45,17.375
2020-10-14 00:00:00,49.165,42.365,22.245,55.13,401.0,17.2795
2020-10-15 00:00:00,48.776,40.87,22.34,55.266,396.45,17.198
2020-10-16 00:00:00,48.95,41.285,22.345,55.332,399.0,17.393
2020-10-19 00:00:00,48.776,41.285,22.075,55.358,396.1,17.2305
2020-10-20 00:00:00,48.92,41.285,22.39,55.164,388.1,17.1315
2020-10-21 00:00:00,49.032,41.285,22.645,55.168,387.0,17.153
2020-10-22 00:00:00,48.832,40.685,22.655,55.124,383.55,16.95
2020-10-23 00:00:00,48.966,40.945,23.03,55.07,382.65,17.09
2020-10-26 00:00:00,48.45,40.945,22.675,55.046,375.05,16.7815
2020-10-27 00:00:00,48.805,40.945,22.655,55.232,377.55,16.823
2020-10-28 00:00:00,48.097,40.945,22.045,55.12,368.25,16.313
2020-10-29 00:00:00,48.905,38.27,21.735,55.018,373.4,16.52
2020-10-30 00:00:00,48.099,38.585,21.77,55.12,364.05,16.1135
2020-11-02 00:00:00,48.645,38.585,21.765,55.134,366.0,16.244
2020-11-03 00:00:00,48.815,38.585,22.14,55.156,371.55,16.676
2020-11-04 00:00:00,50.348,38.585,22.51,55.32,384.25,17.173
2020-11-05 00:00:00,50.614,40.35,22.955,55.5,391.85,17.402
2020-11-06 00:00:00,50.496,41.285,23.315,55.464,391.15,17.328
2020-11-09 00:00:00,51.618,41.285,24.26,55.244,403.0,17.878
2020-11-10 00:00:00,50.644,41.285,24.41,55.09,385.4,17.415
2020-11-11 00:00:00,51.284,41.285,24.865,55.1,392.85,17.6955
2020-11-12 00:00:00,51.444,43.345,24.74,55.362,392.6,17.638
2020-11-13 00:00:00,51.268,43.225,24.41,55.29,389.85,17.624
2020-11-16 00:00:00,52.11,43.225,25.42,55.346,395.9,17.878
2020-11-17 00:00:00,51.82,43.225,25.655,55.42,392.95,17.866
2020-11-18 00:00:00,52.0,43.225,26.165,55.34,393.2,17.84
2020-11-19 00:00:00,51.85,43.675,25.955,55.446,392.5,17.658
2020-11-20 00:00:00,52.21,44.24,25.94,55.446,394.5,17.6815
2020-11-23 00:00:00,52.34,44.24,26.06,55.364,389.55,17.669
2020-11-24 00:00:00,52.654,44.24,26.375,55.224,393.5,17.945
2020-11-25 00:00:00,51.384,44.24,26.23,55.216,395.15,17.925
2020-11-26 00:00:00,51.79,46.165,25.915,55.418,397.15,17.9605
2020-11-27 00:00:00,52.006,46.445,26.075,55.468,398.15,18.0165
2020-11-30 00:00:00,50.606,46.445,25.44,55.418,394.7,17.818
2020-12-01 00:00:00,51.2,46.445,26.34,55.24,401.0,18.146
2020-12-02 00:00:00,51.178,46.445,26.195,55.254,397.35,18.0855
2020-12-03 00:00:00,51.286,48.805,26.59,55.432,397.55,18.129
2020-12-04 00:00:00,51.76,49.595,26.955,55.226,400.6,18.234
2020-12-07 00:00:00,51.7,49.595,26.55,55.436,402.6,18.256
2020-12-08 00:00:00,51.89,49.595,26.395,55.46,404.4,18.306
2020-12-09 00:00:00,52.152,49.595,26.535,55.504,404.25,18.338
2020-12-10 00:00:00,51.552,49.485,25.855,55.39,398.9,18.06
2020-12-11 00:00:00,52.03,49.365,26.32,55.58,394.3,18.158
2020-12-14 00:00:00,51.626,49.365,26.255,55.56,399.95,18.113
2020-12-15 00:00:00,51.82,49.365,26.745,55.59,400.8,18.23
2020-12-16 00:00:00,52.036,49.365,26.565,55.448,405.55,18.268
2020-12-17 00:00:00,52.134,51.26,27.015,55.476,407.7,18.374
2020-12-18 00:00:00,52.118,50.79,26.585,55.42,407.05,18.276
2020-12-21 00:00:00,51.438,50.79,25.93,55.316,403.35,18.2375
2020-12-22 00:00:00,51.382,50.79,25.645,55.41,411.15,18.267
2020-12-23 00:00:00,51.794,50.79,26.02,55.326,411.65,18.3
2020-12-28 00:00:00,51.584,50.6,26.335,55.444,415.4,18.457
2020-12-29 00:00:00,52.06,50.71,26.93,55.506,413.65,18.42
2020-12-30 00:00:00,52.832,50.84,27.43,55.464,412.3,18.48
2021-01-04 00:00:00,53.272,52.25,27.245,55.52,407.0,18.218
2021-01-05 00:00:00,53.948,52.81,26.82,55.456,406.3,18.334
2021-01-06 00:00:00,54.35,55.55,28.09,55.226,408.15,18.648
2021-01-07 00:00:00,54.156,56.27,27.78,55.226,411.5,18.7715
2021-01-08 00:00:00,55.512,56.24,28.085,55.33,415.65,18.705
2021-01-11 00:00:00,55.688,56.24,28.085,55.296,418.05,18.7885
2021-01-12 00:00:00,55.878,56.24,28.045,55.12,415.25,18.736
2021-01-13 00:00:00,56.206,56.24,28.005,55.24,418.15,18.8355
2021-01-14 00:00:00,56.872,56.43,28.385,55.264,418.95,18.818
2021-01-15 00:00:00,56.514,54.37,28.25,55.302,415.55,18.6
2021-01-18 00:00:00,56.648,54.37,28.585,55.288,414.15,18.599
2021-01-19 00:00:00,57.036,54.37,28.12,55.206,414.0,18.778
2021-01-20 00:00:00,58.132,54.37,27.865,55.252,425.0,19.015
2021-01-21 00:00:00,58.11,55.1,27.31,55.14,426.65,19.0315
2021-01-22 00:00:00,57.456,54.28,26.72,55.19,426.0,18.996
2021-01-25 00:00:00,57.844,54.28,26.875,55.294,427.45,18.945
2021-01-26 00:00:00,57.322,54.28,26.47,55.296,429.55,19.037
2021-01-27 00:00:00,56.556,54.28,26.365,55.35,425.55,18.697
2021-01-28 00:00:00,56.626,52.25,26.2,55.156,425.5,18.859
2021-01-29 00:00:00,55.082,51.23,25.55,55.036,415.3,18.344
2021-02-01 00:00:00,56.746,51.23,25.675,55.134,423.85,18.63
2021-02-02 00:00:00,57.96,51.23,26.375,55.0,432.45,18.9565
2021-02-03 00:00:00,58.088,51.23,26.235,54.95,432.55,18.92
2021-02-04 00:00:00,58.14,52.35,26.265,54.888,437.0,19.0505
2021-02-05 00:00:00,58.356,53.05,26.59,54.888,437.8,19.212
2021-02-08 00:00:00,58.58,53.05,26.565,54.856,440.3,19.2955
2021-02-09 00:00:00,58.756,53.05,26.86,54.9,441.7,19.326
2021-02-10 00:00:00,59.0,53.05,26.82,54.9,438.85,19.2975
2021-02-11 00:00:00,59.544,54.82,26.535,54.95,444.3,19.239
2021-02-12 00:00:00,59.684,54.61,26.25,54.812,446.3,19.292
2021-02-15 00:00:00,60.478,57.01,26.555,54.576,449.4,19.5185
2021-02-16 00:00:00,60.122,58.0,26.565,54.436,447.45,19.444
2021-02-17 00:00:00,60.044,57.78,26.92,54.422,440.95,19.3635
2021-02-18 00:00:00,58.7,57.43,26.41,54.188,437.6,19.354
2021-02-19 00:00:00,59.288,59.1,26.3,53.934,442.1,19.3195
2021-02-22 00:00:00,57.814,59.15,26.035,54.034,431.85,19.266
2021-02-23 00:00:00,57.106,58.74,25.88,54.046,422.75,19.0255
2021-02-24 00:00:00,57.22,60.06,26.415,54.044,426.4,19.141
2021-02-25 00:00:00,56.892,60.26,25.965,53.612,421.85,19.392
2021-02-26 00:00:00,55.64,58.95,25.445,53.742,422.7,18.9765
2021-03-01 00:00:00,57.5,59.33,26.18,53.896,432.35,19.255
2021-03-02 00:00:00,56.984,59.56,26.105,54.152,428.55,19.2015
2021-03-03 00:00:00,56.64,60.21,26.625,54.18,422.75,18.984
2021-03-04 00:00:00,56.144,58.37,26.905,53.928,414.0,18.796
2021-03-05 00:00:00,56.142,58.6,26.53,53.784,404.5,18.774
2021-03-08 00:00:00,55.584,58.6,26.495,53.78,416.25,18.965
2021-03-09 00:00:00,56.444,58.6,27.22,53.63,420.4,19.28
2021-03-10 00:00:00,55.808,58.6,27.415,54.17,421.6,19.277
2021-03-11 00:00:00,57.296,59.33,28.03,53.964,427.45,19.505
2021-03-12 00:00:00,56.642,59.39,27.915,53.782,421.05,19.4495
2021-03-15 00:00:00,56.45,58.12,28.185,53.79,426.55,19.513
2021-03-16 00:00:00,57.366,58.15,28.48,53.966,435.0,19.6065
2021-03-17 00:00:00,56.814,57.61,28.415,53.47,427.55,19.666
2021-03-18 00:00:00,56.666,58.52,28.42,53.552,426.0,19.564
2021-03-19 00:00:00,56.66,57.42,28.215,53.548,422.5,19.394
2021-03-22 00:00:00,56.608,57.44,27.725,53.628,428.3,19.3465
2021-03-23 00:00:00,56.014,56.28,27.705,53.708,429.3,19.392
2021-03-24 00:00:00,55.188,56.47,27.59,53.552,426.85,19.388
2021-03-25 00:00:00,54.97,55.47,27.825,53.876,423.05,19.1965
2021-03-26 00:00:00,55.432,58.06,28.06,53.78,428.45,19.49
2021-03-29 00:00:00,56.046,57.89,28.545,53.712,430.15,19.639
2021-03-30 00:00:00,56.644,58.61,28.675,53.314,430.2,19.564
2021-03-31 00:00:00,56.898,58.63,29.005,53.524,436.8,19.592
2021-04-01 00:00:00,57.35,58.46,28.685,53.74,442.6,19.812
2021-04-06 00:00:00,57.384,59.3,29.225,53.844,449.6,20.148
2021-04-07 00:00:00,56.278,59.5,29.12,53.688,447.35,20.154
2021-04-08 00:00:00,56.74,59.52,29.375,53.928,453.15,20.22
2021-04-09 00:00:00,56.266,59.56,29.285,53.834,455.95,20.29
2021-04-12 00:00:00,55.8,58.65,28.83,53.808,454.95,20.384
2021-04-13 00:00:00,55.954,58.81,28.835,53.468,457.15,20.438
2021-04-14 00:00:00,56.29,60.16,29.17,53.726,456.2,20.475
2021-04-15 00:00:00,56.364,61.22,29.605,53.786,460.5,20.563
2021-04-16 00:00:00,56.566,61.8,29.895,53.442,459.9,20.642
2021-04-19 00:00:00,55.994,61.84,29.495,53.73,454.35,20.53
2021-04-20 00:00:00,56.08,60.98,29.18,53.668,448.15,20.521
2021-04-21 00:00:00,55.934,60.48,29.71,53.712,453.0,20.549
2021-04-22 00:00:00,56.19,60.27,29.72,53.796,457.1,20.62
2021-04-23 00:00:00,56.346,60.98,29.765,53.756,455.6,20.418
2021-04-26 00:00:00,56.444,62.5,29.495,53.682,458.25,20.665
2021-04-27 00:00:00,56.624,62.0,29.47,53.664,456.55,20.708
2021-04-28 00:00:00,56.794,62.23,29.23,53.682,453.9,20.659
2021-04-29 00:00:00,56.33,61.42,29.125,53.214,449.9,20.701
2021-04-30 00:00:00,56.096,60.33,28.785,53.286,450.0,20.592
2021-05-03 00:00:00,56.04,60.82,28.93,53.654,446.5,20.771
2021-05-04 00:00:00,55.284,60.69,28.81,53.484,435.2,20.418
2021-05-05 00:00:00,55.896,63.29,29.025,53.656,442.7,20.627
2021-05-06 00:00:00,56.028,63.91,29.335,53.368,436.45,20.621
2021-05-07 00:00:00,56.392,65.13,29.64,53.616,442.15,20.79
2021-05-10 00:00:00,55.442,66.28,30.025,53.286,432.75,20.895
2021-05-11 00:00:00,54.942,65.38,29.75,53.176,425.65,20.512
2021-05-12 00:00:00,54.062,65.65,29.32,52.908,419.7,20.16
2021-05-13 00:00:00,53.938,63.79,29.43,52.944,422.25,20.301
2021-05-14 00:00:00,54.396,63.22,29.655,53.252,428.05,20.615
